{
  "project_info": {
    "project_number": "391925237443",
    "firebase_url": "https://moviles-2010f.firebaseio.com",
    "project_id": "moviles-2010f",
    "storage_bucket": "moviles-2010f.appspot.com"
  },
  "client": [
    {
      "client_info": {
        "mobilesdk_app_id": "1:391925237443:android:5eecdf1f7d293c63",
        "android_client_info": {
          "package_name": "com.example.projecto_libreria"
        }
      },
      "oauth_client": [
        {
          "client_id": "391925237443-hseauthid412pq5k0qm4ua18vkjnt0nq.apps.googleusercontent.com",
          "client_type": 3
        }
      ],
      "api_key": [
        {
          "current_key": "AIzaSyDsFrzQFryI6QvycEqKq9dPCAFRAUggHPY"
        }
      ],
      "services": {
        "appinvite_service": {
          "other_platform_oauth_client": [
            {
              "client_id": "391925237443-hseauthid412pq5k0qm4ua18vkjnt0nq.apps.googleusercontent.com",
              "client_type": 3
            }
          ]
        }
      }
    },
    {
      "client_info": {
        "mobilesdk_app_id": "1:391925237443:android:5d63c4ca5ecc3e74",
        "android_client_info": {
          "package_name": "com.example.proyecto_libreria"
        }
      },
      "oauth_client": [
        {
          "client_id": "391925237443-hseauthid412pq5k0qm4ua18vkjnt0nq.apps.googleusercontent.com",
          "client_type": 3
        }
      ],
      "api_key": [
        {
          "current_key": "AIzaSyDsFrzQFryI6QvycEqKq9dPCAFRAUggHPY"
        }
      ],
      "services": {
        "appinvite_service": {
          "other_platform_oauth_client": [
            {
              "client_id": "391925237443-hseauthid412pq5k0qm4ua18vkjnt0nq.apps.googleusercontent.com",
              "client_type": 3
            }
          ]
        }
      }
    }
  ],
  "configuration_version": "1"
}